path,bytes,sha256
AGENTS.md,9466,8B5125BED3747E527E0C68F201F3337109C0E30216ADBEA783580CD8D25DA69E
mythai-ai-response/build.gradle,53423,6B37B39A4224DAB5C036FCF0570C273CBBBCDFE7B71881E6A10B119233BA0FE4
mythai-ai-response/build/libs/mythai_ai_response-0.1.12.jar,748336,7281FFBFD2E43A3F35264AA3DB80BE4F43791D9D5F3A6412381B86E4C771E447
mythai-ai-response/gradle.properties,395,526BAA23ACD45DA303D55434DDE26E1C7D7C0EDC8119D81FC929A0DEE7DB9A30
mythai-ai-response/memory-foundation-overlay.gradle,15481,C540AEFD4DE5200803DA68FBA84920DBA7C2512A8FD3AA6E03390F9CB09F4DA2
mythai-ai-response/quest-participation-overlay.gradle,4196,227A2F65EC77F76619D5E46F9370DCC7E8E9690979FDEBE15261C4FF941FDE01
mythai-ai-response/src/main/java/com/sande/mythai/response/AiTestChatEvents.java,1167,47FC6443FBE1775E70864EE9EF7692C1BBF5E47553578F088CC21F28B5C209C6
mythai-ai-response/src/main/java/com/sande/mythai/response/memory/DialogueMemoryBridge.java,30445,AE76F90A38449340157AA26E6E69761682BA783535502CC3EC089320856C861B
mythictrpg-main/build.gradle,13797,DF17A2A37DD6EB8D1B6E8538570227869790CF3F676FA2199681965E984E91E6
mythictrpg-main/build/libs/mythictrpg-1.0.11.jar,2192272,BA520704D419304A67581C93486EC1DBAB7E53FC97AB9ED6544EAE998A3C12E9
mythictrpg-main/gradle.properties,2127,82B67AB92CBEE9B3FB4CC36D283CA98B8AC023634EEF9D004C19B3BE589DEE3D
mythictrpg-main/src/main/java/com/sande/mythictrpg/ai/server/AiConversationRuntimeService.java,14852,8A6DE2769E24446061EC6B55F7107C244A89249C9E6C2D8D35A0A4C720B4D9A8
mythictrpg-main/src/main/java/com/sande/mythictrpg/gameplay/ledger/ActionLedgerStore.java,16905,68EF823C2C3DFE0E806F0D9E8909245A6CFEB5FC3049965F9DA8874A70838BB1
mythictrpg-main/src/main/java/com/sande/mythictrpg/gameplay/watch/WatchJournal.java,4456,26AEBCF8433375BCB27D8B62257C3DE799FCAE8297DFA3CB27459559CFEA5DF6
mythictrpg-main/src/main/java/com/sande/mythictrpg/rumor/ReputationSavedData.java,2566,58F1D9EF1590D6BB6C9EE3CF7740B91FC59AFB9B824DA6C3D9A5076553654986
mythictrpg-main/src/main/java/com/sande/mythictrpg/rumor/RumorSavedData.java,3897,0A56E49F7392E13CC74CE948E5D3DC485866DA4A1E4AE70EB14920311768A102
server/config/mythictrpg/ai-dialogue.json,358,65B4CA8333D477C917D878C10BA912516AE1494CB32E3EE0E0F8CDC64138A585
server/config/mythictrpg/ai-knowledge.json,151461,BE436C74179B860CBF228A883E622AD2972755AA6C741623C39F47CA759D3DD2
server/config/mythictrpg/ai-memory-foundation.json,47,91E1B466994050A15270A770EE90335CC2BB6F70CBC553AA82A39D4CBDC672F9
server/config/mythictrpg/ai-memory-index.json,851,2CDC99A8602A59683E2FE27FEE466EBAC9097A392835B57BC00FF844B1E4BC7E
server/config/mythictrpg/ai-memory-recall.json,72,5DD5C0B2678841CDE5E1467B47F91134FBBE9EE2F46C6003B1923C5F4859B60A
server/config/mythictrpg/ai-memory.json,387,CB596470E2C06900051F3C472C1930CAB1EE6AA35D6DDAB93B4CB7310CB636C4
server/config/mythictrpg/ai-personas.json,399317,288FDD86E27C47D77F4C29FECCAD762A33F357AF83D60A60FE8978D50445DA46
server/config/mythictrpg/character-style-mappings.json,695,3302F81B79B0FAB391AE4F78A9AA006274A8191C024DA362AD4DE35F5BAB73CD
server/config/mythictrpg/character-tags.json,6679,3D5251AE4007E8DD5F5EB2FA797AB1FFCFCBC9BB57C285F031ED1B5C70C7C01A
server/config/mythictrpg/dialogue-examples.json,409309,B8E7F4A6128EBD9CFB2AC0C8707916F0BFC603339D3FDF2AA45CE2315F0035E3
server/config/mythictrpg/dialogue-tag-guidance.json,16984,823E9C274EB85A9ADD8A9937ECB2A93C6923FC62D88808C60D376D667E653A80
server/config/mythictrpg/npc-agents.json,229643,F7C3495EF14044AD28174B815B47ECDD7AB182E4E6A6F532D8089433D9841127
server/config/mythictrpg/npc-character-tags.json,102001,34B1FD2CAFA5C983235321D2B19ED6EB31F8CB6C27652B3A2420A70BCD5B1ED8
server/config/mythictrpg/reaction-guidelines.json,6540,FD9ED83C6532B141DE9BA78C2A2BE944013813AB5E292DE34B6C7C85F8CC1CA2
server/config/mythictrpg/voice-styles.json,4595,151FB777BEF545FAC6F9578151ABDB73342EE6B62F8E81FDA984091DE8CB46B5
server/mods/architectury-13.0.11-neoforge.jar,584734,9CC92F2C09533FC5482C60F993BD891C655A0E32B637037CDCB7C2B23ADEDEEB
server/mods/ftb-library-neoforge-2101.1.35.jar,1439018,BE7B2BD0B5370A9951624A1D84FD802EFECAE88D5A0CD24552731F887430599D
server/mods/ftb-quests-neoforge-2101.1.34.jar,1623716,0C555F143FD7CBC299818817641766203260821C5E6299779FC7FD5FDBD87B29
server/mods/ftb-teams-neoforge-2101.1.11.jar,308236,E6BCD670493624E6906DF872A9C6AF4A33FE6405CAC57A32C59CD4CD5838C655
server/mods/mythai_ai_response-0.1.3.jar,576718,CC5547CB643D5A1354828850ECDA6F3425D6245B24B2CD766F5CE2E86DC10F80
server/mods/mythaiaicontent-0.1.0.jar,88031,38B8461C13619569E477BB24AB85F9BFAD317998402FEA3E5ACF0019C6CC8CBA
server/mods/mythictrpg-1.0.2.jar,1756379,32C70B972640EE534AE5FF09FDBBA5578C863197EE9B3F9EFD6CA62253226124
server/server.properties,1439,9329655F763D49DFE19BBF95D3DA4EE9E8ADD6D2BEAF60A1794825E84F4057AF
server/world/data/mythictrpg_memory_rumor_v1.dat,170,5902F7F53EDD8636043FDDB90BBF5DB70D1F6C0F1F7F670606D4A43136AE3FF0
server/world/data/mythictrpg_player_constructions.dat,223,539D176548E6FFDD05CFBA9F99C851AAE50FA1131178DFC46CE435DD0C736D50
server/world/data/mythictrpg_players.dat,390,10715616330AE2B134CE01E8366FDA6E1B8440CE13E4E969890ABC60F7BF2289
server/world/data/mythictrpg_quest_reminders.dat,65,919C2169D989D3D652521F80D5EF9D9992380F1EE595579C8AC665B7A50205B9
server/world/data/mythictrpg_quests.dat,214,DA19659F2C70AF46575B306FB52686E1D725EF7AEF75E475C61DA4C0AD84D1FF
server/world/data/mythictrpg_world.dat,133,6DFFC796E36AADBE943E46E602A1EB33660BC9F7B36FB8D66781E23DF7C9D43E
