"sourceRelativePath","bundleRelativePath","bytes","sourceLastWriteTimeUtc","sha256"
"인수인계/브랜치실험/HanesTest/COMBAT_POWER.md","reference/인수인계/브랜치실험/HanesTest/COMBAT_POWER.md","12232","2026-09-29T13:18:41.3713094Z","F0C922A51AC55F32E88C599935AF1DF719CBE169C5C2B6FCB74308CF666FD2FF"
"인수인계/브랜치실험/HanesTest/CURRENT_EMOTION.md","reference/인수인계/브랜치실험/HanesTest/CURRENT_EMOTION.md","5810","2026-09-29T13:09:54.3485481Z","2964BE10850DD085D1A6334AF1BD0A65D2BB4F55BC2FD87D8347A62C732927F6"
"인수인계/브랜치실험/HanesTest/DIVINE_SOCIAL_CONTEXT_20260929.md","reference/인수인계/브랜치실험/HanesTest/DIVINE_SOCIAL_CONTEXT_20260929.md","8629","2026-09-29T10:23:46.1347199Z","3A04157B25CB367A09C5034ED0B68250F18CD6A47A78760324B7F0267A199B2B"
"인수인계/브랜치실험/HanesTest/GENERATED_QUEST_RECOVERY.md","reference/인수인계/브랜치실험/HanesTest/GENERATED_QUEST_RECOVERY.md","2817","2026-09-29T13:32:00.5987166Z","2042B61B8B9DA1EB60CCE6FB0A6E5050519159028309115670EBF0697D474915"
"인수인계/브랜치실험/HanesTest/NPC_ACTIVITIES_20260930.md","reference/인수인계/브랜치실험/HanesTest/NPC_ACTIVITIES_20260930.md","7856","2026-09-30T07:43:13.5135840Z","21E88D5E1A8B2739D56DA0B2920054EEB5DA4A05FD2BB24D4BD3F1851A8E655A"
"인수인계/브랜치실험/HanesTest/PROJECT_HANDOFF.md","reference/인수인계/브랜치실험/HanesTest/PROJECT_HANDOFF.md","40788","2026-09-30T07:42:09.5239180Z","0087EC4D2862A0DCA6301972998E449FE49A063CEAA7F2EB9734BF3D76815E98"
"인수인계/브랜치실험/HanesTest/RESOURCEPACK_REWARDS.md","reference/인수인계/브랜치실험/HanesTest/RESOURCEPACK_REWARDS.md","3430","2026-09-29T13:32:00.3844248Z","AF4C621226ABA88BE250EDABC11B251A39F3DF541BD2175DACF48F80BF021E63"
"인수인계/브랜치실험/HanesTest/SYSTEM_COMPLETION_TRACKER.md","reference/인수인계/브랜치실험/HanesTest/SYSTEM_COMPLETION_TRACKER.md","21526","2026-09-30T07:42:09.7061343Z","67ED8D0136B216F6D8E7F2199209D7FDA5549CF3CCDFACD68786E47FC2192305"
"인수인계/HISTORY_INDEX.md","reference/인수인계/HISTORY_INDEX.md","7337","2026-09-29T09:17:05.6370546Z","EBDA5C61C1607BFF39B3B379065D0DDFA1A96D105FDB6317485AD82E4A17E252"
"인수인계/PROJECT_HANDOFF.md","reference/인수인계/PROJECT_HANDOFF.md","222026","2026-09-29T09:19:14.4367311Z","10A76CA37EF422B81105F95011AFD907916DE9AA310A569FD7D8D92799AB60AE"
"인수인계/START_HERE.md","reference/인수인계/START_HERE.md","5346","2026-09-29T09:15:25.0282159Z","613A0AE811BD793EB69BB9FF9F953AF56A4E526793CCB96F4EC179E72F68A2B0"
"AGENTS.md","reference/AGENTS.md","9922","2026-09-29T12:04:40.4541233Z","CB40AE1BD2958E49319ACA778D9BF11E37D4774658B53C459EAEA1373DD4625A"
"docs/AI_DIALOGUE_TEST_COMMAND.md","reference/docs/AI_DIALOGUE_TEST_COMMAND.md","7194","2026-09-29T09:18:17.5147655Z","EEB3B6E1ADB3F6933F788216B3377954B41855291A2229309F09D55C1C7ED90A"
"docs/CONVERSATION_ROOMS.md","reference/docs/CONVERSATION_ROOMS.md","16254","2026-09-23T13:22:05.1854879Z","6EC9F6EF9AEAB0B7C04A1730910A45EE3331F9C4828AF86ECE96C773A4E4B55E"
"docs/FULL_ROOM_DIALOGUE_INTEGRATION_20260923.md","reference/docs/FULL_ROOM_DIALOGUE_INTEGRATION_20260923.md","10909","2026-09-26T19:15:48.6095722Z","1E840549CCBFD31C776FB08F54D94660FD669308E27DF0B9E9C74A81102FD6CE"
"docs/README.md","reference/docs/README.md","6264","2026-09-30T07:42:09.8132592Z","142663700E532605BB54E4163B43711277EDC32737DEEAC3AB99542D96E9F9B8"
"mythai-ai-content-registry/AI_CONTENT_REGISTRY_CONTENT_AUTHORING_GUIDE.md","reference/mythai-ai-content-registry/AI_CONTENT_REGISTRY_CONTENT_AUTHORING_GUIDE.md","28074","2026-09-26T19:53:17.1556154Z","287498BA6FD63DDED4C6E6CBF7D108E5CC220BB25D52DA7D61229B328ED2B651"
"mythai-ai-content-registry/NPC_PROFILE_AUTHORING_GUIDE.md","reference/mythai-ai-content-registry/NPC_PROFILE_AUTHORING_GUIDE.md","11079","2026-09-29T10:09:15.0628681Z","C0EA91C97A4BE8ACE429BE12C648E2C743F74332B6CE33E983CA0D5C2B785CAF"
"mythai-ai-content-registry/QUEST_LIST_AUTHORING_GUIDE.md","reference/mythai-ai-content-registry/QUEST_LIST_AUTHORING_GUIDE.md","7742","2026-08-25T16:29:28.6108377Z","1ED526B7001383EA5C6E722B605005ABB3F0349AF9A1CA5BD1866E6F1FF76CDB"
"mythictrpg-main/docs/AI_ACTION_INTEGRATION_GUIDE.md","reference/mythictrpg-main/docs/AI_ACTION_INTEGRATION_GUIDE.md","20606","2026-09-30T07:34:01.9938254Z","9022D393BAEDC7DB716B6142111361B58F8E648E45BDB487D33B2BD03A7847DC"
"mythictrpg-main/docs/FTB_QUESTS_INTEGRATION_GUIDE.md","reference/mythictrpg-main/docs/FTB_QUESTS_INTEGRATION_GUIDE.md","16858","2026-09-30T02:17:27.3372288Z","98744AFC72DCBA63C650224E23947DC3E77F7B5CFBA3BEA27B494C361B7C5588"
"mythictrpg-main/docs/GENERATED_QUESTS_GUIDE.md","reference/mythictrpg-main/docs/GENERATED_QUESTS_GUIDE.md","6276","2026-09-29T13:18:41.2045742Z","6414F53D32245081579B23677260EC00F775F2F08BA513FE2171DF750F54412E"
"mythictrpg-main/docs/GOD_HOME_VISITS.md","reference/mythictrpg-main/docs/GOD_HOME_VISITS.md","7089","2026-09-29T14:18:40.0174205Z","0C4F66691DBE1F2E8DAD99D4D39398E6A53171AD04EC2E670D745AC076C87F76"
"mythictrpg-main/docs/GOD_RELATION_SYSTEM_GUIDE.md","reference/mythictrpg-main/docs/GOD_RELATION_SYSTEM_GUIDE.md","6244","2026-09-23T08:15:23.4834371Z","B75E9C8B357D95A3D5F44049B47F91D5B68B5F26D468C037D65A5E36CA6A5626"
"mythictrpg-main/docs/NPC_ACTIVITY_AUTHORING_GUIDE.md","reference/mythictrpg-main/docs/NPC_ACTIVITY_AUTHORING_GUIDE.md","14506","2026-09-30T07:24:52.2946581Z","3F430FAC743044F6AC599A5270BE0D5627D0DE1321991B913C40BA6730C95AEA"
"mythictrpg-main/docs/NPC_ACTIVITY_SYSTEM.md","reference/mythictrpg-main/docs/NPC_ACTIVITY_SYSTEM.md","9888","2026-09-30T07:27:52.4907227Z","2634C1E2E81A94CE2F7D871989FD78F8ED04F3FD985F2B945D93E8F45E14A919"
"mythictrpg-main/docs/NPC_ACTORS.md","reference/mythictrpg-main/docs/NPC_ACTORS.md","7826","2026-09-30T07:34:01.9037132Z","CBF96A484716B75817B9DC199831393DFE0AB55E8B5E3B529281A7213EC09740"
"mythictrpg-main/docs/NPC_SKINS.md","reference/mythictrpg-main/docs/NPC_SKINS.md","5139","2026-09-30T07:34:01.8105999Z","90D09659EE32F1983EDAF6199919172FC9942A3A2966FE8DE11FD61F8296680A"
"mythictrpg-main/docs/QUEST_PARTICIPATION_GUIDE.md","reference/mythictrpg-main/docs/QUEST_PARTICIPATION_GUIDE.md","13780","2026-09-20T06:44:09.9749720Z","030E06360363A4DBBB04B794ED3958D152DC2E8EFA46080B1C730D7400035E6B"
"mythictrpg-main/docs/RAID_RUNTIME.md","reference/mythictrpg-main/docs/RAID_RUNTIME.md","12355","2026-09-30T02:18:05.1337056Z","8D124BDB6083B865A1DABE541E35379F606AA8C88A44F35732B2B9FC1A216D89"
"mythictrpg-main/docs/REWARD_SYSTEM_GUIDE.md","reference/mythictrpg-main/docs/REWARD_SYSTEM_GUIDE.md","8659","2026-09-20T06:44:08.7525946Z","B0512012CEC65AF58A576899C1B369BBBB611E373B27003A0B00F3C8B8DDFB66"
"mythictrpg-main/docs/SHOP_ECONOMY_GUIDE.md","reference/mythictrpg-main/docs/SHOP_ECONOMY_GUIDE.md","4032","2026-09-02T02:56:52.9979317Z","56292F43C7CBAEBC8A92BBB584799C2DE054202D457A6D93E0EA5387F1424C7B"
"mythictrpg-main/docs/STORY_AI_PRESENTATION_GUIDE.md","reference/mythictrpg-main/docs/STORY_AI_PRESENTATION_GUIDE.md","10989","2026-09-23T10:40:27.1491062Z","E4E71A654759474AB378E640C020F46711043E9E12046965AD5B91BB4AEA9E9D"
"mythictrpg-main/docs/STORY_CHOICE_UI_GUIDE.md","reference/mythictrpg-main/docs/STORY_CHOICE_UI_GUIDE.md","5480","2026-09-30T02:11:30.5031151Z","C0CD4D5076817CDCDE5971584A6E9621A5F34D15693C75A735AA4D4F6C3C9C51"
"mythictrpg-main/docs/STORY_EVENT_ENGINE_GUIDE.md","reference/mythictrpg-main/docs/STORY_EVENT_ENGINE_GUIDE.md","18686","2026-09-23T10:40:27.7909328Z","04E0C45A86E6E96584C5E2668E8E0FB68220BD1B8863043B040B8AEE4CD9F524"
"mythictrpg-main/docs/STRUCTURE_EVALUATION_GUIDE.md","reference/mythictrpg-main/docs/STRUCTURE_EVALUATION_GUIDE.md","14409","2026-09-30T02:17:27.4066605Z","7675506408495A2CA3CE2C5C71D3EAE4AF5D4F2655623F5E839673B87EAFD83C"
