"Change","Path","BeforeSHA256","AfterSHA256"
"MODIFIED","인수인계\PROJECT_HANDOFF.md","A28F98017A4BC9FAD1D7D15F79EAA1B22E744548098CE4ED281D0D898D3DCADD","B22693E84374614E06FC4DE6183EC709186E44D88E97662B4164206D89FCD35D"
"MODIFIED","dev-tools\Test-MemoryFoundationRelease.ps1","7B3926F2CDE4731D4CA8C9095E703987544BB9C5E69F62C53B820D68431388F1","B9119FB51ACCC6FFC9FE0FDEBC94D15B1508A3CE7883ABE2A71EA02F4D2D56D9"
"MODIFIED","docs\LP_LONG_TERM_MEMORY_DESIGN.md","17FF1A6BE7813C8744B958703C1AA5447710831388824B7F166F145B78A2331E","E9388297A2D7A8702D13D611780A26179DAB4374AA003ED7AF8926384A7DB465"
"MODIFIED","docs\LP_MEMORY_FOUNDATION_GUIDE.md","1DBC182EAE7DFA5672F159FCF6EB9BA48793175D82C9139BA8F934FDA52B15AD","67ED5D69192F56E947202482A89BFBF2309AC375C84568E135AFC7363D268792"
"MODIFIED","docs\LP_PERSONAL_MEMORY_TEST_SETUP.md","BFB91D9F34687469BAD7101505249FFB13667CBC164AE937F384F6F3EFB74F6D","A388595DCADD5788495240110AAA9B0AF5A1CA2DFF27258B44A6B8AB32BB84E3"
"MODIFIED","docs\LP_RUNTIME_GUIDE.md","E05942B02F3021EE097B00724D6DBF1A6C1EB0900A0444A17A4DE67A062E4E9C","C7F4372D36EF1A1D8312E0AC1F521417CCDF8E99017FEB26FA792CF127860501"
"ADDED","docs\MEMORY_RECALL_TUNING_20260914.md",,"11D943ED22F005362BA48899D7C98A21386D75E7833E14D561B6FD0031B2832B"
"MODIFIED","mythai-ai-response\build.gradle","937247EE33F015765D4190923EF396E907BB15F27536C68E6BE93970B77F27B1","68AC4BE03318E1598639A68F0B56DB95A41DD8410F4586A72E9BBB035AE9BC69"
"MODIFIED","mythai-ai-response\gradle.properties","7E1BFA910890B42239D794611C13E247016DC42EA546D1B55EBCE9A604E3DDBA","67C342453EDEA40C81DC6778DE2EC5616E6FD69189DCD12A5FB00BE906A2699E"
"MODIFIED","mythai-ai-response\memory-foundation-overlay.gradle","1606B5085762693AE1486FAD02459F232530EBD6A8E8AEE393C86D2D00CA8D24","1DFE88A74B5B9934F5F8A8A706F3C22F654E700F86F81B48921361718592C3DA"
"MODIFIED","mythai-ai-response\README.md","375A93A8752C4F3F59369242766801E3B807EB5F53764DD112D48BC34414326C","0989A11060ED39EDA6B59DC4E6E182C40B2A566A1417DE17B18C31DCDB677E41"
"MODIFIED","mythai-ai-response\src\main\java\com\sande\mythai\response\memory\DialogueMemoryBridge.java","BB75160F95FEC186357657A0B8BDBE430BC19B427805C58DB8AAC51C7AACE4C0","726D622E27096B0F3D76DDF4AD800D40320B575F9A90C047AD4197999BB8625C"
"MODIFIED","mythai-ai-response\src\main\java\com\sande\mythai\response\memory\MemoryJournal.java","425827CA9375BA081433A7554F9017DA3D24D8F016F85A080A64619465CF3E62","E75ABD84429E20AE03C0FAE5E03FB116B723493FEACA9A2789476F9052E7881F"
"ADDED","mythai-ai-response\src\main\java\com\sande\mythai\response\memory\MemoryRecallPolicy.java",,"B7F695B552828B02FA6BD8769CD53DB1271E6CCEC834D963F9CB807740ABFE32"
"ADDED","mythai-ai-response\src\test\java\com\sande\mythai\response\memory\MemoryRecallReplay.java",,"339F51BA5DFBC5C79DDB07B603B05915783F4DC4BE5EE8A17602E7EA9ABE7B94"
"ADDED","mythai-ai-response\src\test\java\com\sande\mythai\response\memory\MemoryRecallTest.java",,"E80075F1E8BF05F4BE1A175329DCAD483258327718E7E3C7412803C55BF16337"
