"Status","Path","Before","After"
"MODIFIED","인수인계\PROJECT_HANDOFF.md","19C0D1997C9FCFDDF2D69F11AF5313AEC12F5414C85B004D726330E6813D0E65","1D2C6E037A24E32E199C46C524B9253AF4E99FB894FD80D2EB7623E7535B03D1"
"ADDED","dev-tools\Test-MemoryStage05Completion.ps1","","708A2FC37C3031E66844620AFED444D9F481CA5ABB5B126544C0E10A225C993B"
"MODIFIED","docs\ACTION_OBSERVATION_CONTRACT_20260915.md","BBF608C1A29C770290A76CC9C086B63A0C8533B6998179BC975B550DBA466372","06A8A0819193278783176DBC88170A3A19CE74D162DBB1AB4471B15BD3858B20"
"MODIFIED","docs\ACTION_OBSERVATION_MEMORY_ROADMAP_20260915.md","3352EDCB60C03A20E20C54009747B7ABE74F221421E9A11D1ECBC1CCA5A2E465","1A72F069E8D4C8F848EC7D1C0593C7E64263F0541414FF503E6B49248E67CD08"
"MODIFIED","docs\EPISODIC_MEMORY_UPGRADE_DESIGN_20260915.md","2CEF70177A08051EF2DDEDFD2B40BA6FF60A6EA2591FF50F69F77DB78EFB1BB3","71145D635E25DDB13B2047BC81420524C897084AEEEC63BCBE47A2E518E3BB53"
"ADDED","docs\examples\ai-memory-index.example.json","","D2B65CA286500C9A2C24A09607FEFAFD88992D9EF7C8D2DC5C3E327D9B1D8135"
"MODIFIED","docs\LP_MEMORY_FOUNDATION_GUIDE.md","D2CAE7A5B88B0C73E2486829D439719127DCEFF3BD47BB728E59529770699AAB","F6A89A2340304F715CA9D21F835790C362E29A15FC1E1AE4D4118D3300CA3CD1"
"ADDED","docs\MEMORY_STAGE05_COMPLETION_20260917.md","","29AA36291E13FB5D7CEF65716EDF77A0C39F57DACE5130BD92F68567620EB244"
"MODIFIED","mythai-ai-response\build.gradle","3DA269B3D2486F29FF64116D030638F77F617E852824DAFC35A366C4635ED9CD","7A78AB05F2464D7AC5BDDA45EB3E2E39D5207AEAE58F15D6A7BA6CA8424B2D0A"
"MODIFIED","mythai-ai-response\gradle.properties","E3251C5A5CB542F7937F57F7F87F436AA43ECA9FB112FB09BB4558FAE1C3E00A","63A0494BE2E253EBF1A8CD32B7A369D977365B2F25B47BACDF1990A8B70D4DC7"
"MODIFIED","mythai-ai-response\src\main\java\com\sande\mythai\response\memory\DerivedMemory.java","9CB4C8885721D17498A62F3A1AD7DF897BC8C5EF9CB61B938104118989261A9D","3F394BC3981F6CAEC0E837F968652744D76517756775399D69729A8D17ECD91E"
"MODIFIED","mythai-ai-response\src\main\java\com\sande\mythai\response\memory\DerivedService.java","FF387E35201E8BBAC8F3D2D0ED229E456579F52728E8E02709E9DA289CA097AC","89F9D9A64EDA55704C1C5CF965AB9754FBA42DCD0169A7432EE636594EE92580"
"MODIFIED","mythai-ai-response\src\main\java\com\sande\mythai\response\memory\DialogueMemoryBridge.java","EB00689F2FC56E8929F40A44CDB393C1204BD2D2E3ACA8D08B9B2640F3338072","3660DDF4497C431812AD859BA7D72AB26A8EEC0B63AE39FE73FE112B7B9D1BE7"
"ADDED","mythai-ai-response\src\main\java\com\sande\mythai\response\memory\MemoryIndexRow.java","","22C0DA4108B0E7701E38D0AF632CDEB0966E834BB7A121240A46387244A1D342"
"ADDED","mythai-ai-response\src\main\java\com\sande\mythai\response\memory\MemoryIndexRuntime.java","","882DB35962A8D4AD9604FFF33F6001FB9A7B1C678EF6E0C7638DC8C8D8EED555"
"ADDED","mythai-ai-response\src\main\java\com\sande\mythai\response\memory\MemoryIndexSettings.java","","F7B6BAE3A92DE29339E6B2AA1EC43096F25476D9AF308234E3AE40DE0FE1215F"
"ADDED","mythai-ai-response\src\main\java\com\sande\mythai\response\memory\MemoryIndexStore.java","","E74C5BB80F36DC8699A60459461B49F386DE07D4C533079EBF3CA049558D2431"
"MODIFIED","mythai-ai-response\src\main\java\com\sande\mythai\response\memory\MemoryRecallPolicy.java","51C9538A789888180B47B8E1217E61222B155EDF71FD25659B009357018D8E2E","1AC492CD2051EC67D14864A73A62D906B175A52771F461B26DD9E6A5263749D8"
"ADDED","mythai-ai-response\src\main\java\com\sande\mythai\response\memory\ModelAdmission.java","","C5D715223FE8185407D0AEDB5F39F7984F3DDEE2D0BAE57CE4C97205D8E89165"
"ADDED","mythai-ai-response\src\main\java\com\sande\mythai\response\memory\OllamaMemoryBackend.java","","FC3F8EEC54A4E8C0E43AEA5DEB13D349F861BBAB143D091A75DD427132D7D6C7"
"MODIFIED","mythai-ai-response\src\main\java\com\sande\mythai\response\structure\OllamaStructureVisionProvider.java","5D9D367BCC0899BC780CF41DA90F28D0CD7CC7AC236288F5C461BB854B193109","848CCCEF3A1B10517C37236D438226EA1ECE4F6391414712C38A6DD6EC04A6CE"
"ADDED","mythai-ai-response\src\test\java\com\sande\mythai\response\memory\MemoryIndexRuntimeTest.java","","11DF378186EDC61F8062EE46CA825BEDFE090FFED234340AC656BC89F191FD19"
"ADDED","mythai-ai-response\src\test\java\com\sande\mythictrpg\ai\ModelAdmissionSchedulerFixture.java","","40CAF96227A4A0D4BB34A5F64206ED19F6EA47B3F0E6367483675E8557CC10ED"
