path,sha256
"server\mods\architectury-13.0.11-neoforge.jar","9CC92F2C09533FC5482C60F993BD891C655A0E32B637037CDCB7C2B23ADEDEEB"
"server\mods\ftb-library-neoforge-2101.1.35.jar","BE7B2BD0B5370A9951624A1D84FD802EFECAE88D5A0CD24552731F887430599D"
"server\mods\ftb-quests-neoforge-2101.1.34.jar","0C555F143FD7CBC299818817641766203260821C5E6299779FC7FD5FDBD87B29"
"server\mods\ftb-teams-neoforge-2101.1.11.jar","E6BCD670493624E6906DF872A9C6AF4A33FE6405CAC57A32C59CD4CD5838C655"
"server\mods\mythai_ai_response-0.1.3.jar","CC5547CB643D5A1354828850ECDA6F3425D6245B24B2CD766F5CE2E86DC10F80"
"server\mods\mythaiaicontent-0.1.0.jar","38B8461C13619569E477BB24AB85F9BFAD317998402FEA3E5ACF0019C6CC8CBA"
"server\mods\mythictrpg-1.0.2.jar","32C70B972640EE534AE5FF09FDBBA5578C863197EE9B3F9EFD6CA62253226124"
"server\mods\backup\mythaiaicontent-0.1.0-pre-conversation-dynamics.jar","87177B23846F164E7FB49670F21117830FD305572709C8D52F3BE6A30B129EB5"
"server\mods\backup\mythaiaicontent-0.1.0-pre-dialogue-guidelines.jar","3E31246E55DF1833B380313FD6941B02574AB2718AC497CA15671BBFFDE678DA"
"server\mods\backup\mythaiaicontent-0.1.0-pre-fortuna-situation-guidelines.jar","62381C92D8329E7EB3463B12E2513EFE2106B5BBA2EE77986F1CC7C6B59F4856"
"server\mods\backup\mythaiaicontent-0.1.0-pre-fortuna-test-quest-dialogue.jar","3EE99F594902A2B9082F73F45D99935D5BF495649FF6DE8E3A909830067E71C4"
"server\mods\backup\mythaiaicontent-0.1.0-pre-intent-classifier-examples.jar","8AAE6C57104307649F2F1E1076F98D7933D5C0D692B809883A5C83D5BB7B637F"
"server\mods\backup\mythaiaicontent-0.1.0-pre-one-turn-intent-examples.jar","5160DFE56CA6B95A1F7D80B66E589FCBFB07C82FD93CB23330D9C37C4BC84A78"
"server\mods\backup\mythaiaicontent-0.1.0-pre-selected-situation-guidelines.jar","E08FA3A6CBE2238957030295AE8DD3142EF3D26C8EB35966DC9A73FFCE486B19"
"server\mods\backup\mythictrpg-1.0.0-pre-contextual-repeated-casual.jar","2E87EBE089F133AFAEE7336566B45C4E455EDCBACF22F36E904AE0ADB3B6E5B1"
"server\mods\backup\mythictrpg-1.0.0-pre-conversation-dynamics.jar","4353C4B624C15B9F2879897FFE97E0EC3A180E5A59E7F22692CB067BB5EA0C02"
"server\mods\backup\mythictrpg-1.0.0-pre-event-sharing-dialogue.jar","4B5246109B1AA7A986A5C3DAB674C750EC7D55B62F55E4D244AB401362B9E91F"
"server\mods\backup\mythictrpg-1.0.0-pre-intent-classifier-examples.jar","B804FFD1BED6AA5E555C405899DC3D1117B5E8C9F9F4BE9A4A9C1E7C4A67692B"
"server\mods\backup\mythictrpg-1.0.0-pre-natural-dialogue-v2.jar","4526C408D75E2FF986E03F303FA6147BDA111846A1D51014D823A019CFE80AC1"
"server\mods\backup\mythictrpg-1.0.0-pre-natural-dialogue.jar","8A835BC502618C64A73A5F7C5926A455A06E385329ABD995C3C5F40529F496C6"
"server\mods\backup\mythictrpg-1.0.0-pre-prompt-guidelines.jar","1BF13255A64209DBAF5AC4961FBC8F12D89426804AD07408ED4ED51A143B9901"
"server\mods\backup\mythictrpg-1.0.0-pre-repeated-casual-safety.jar","4DF0BA6F25A1E2A0DE43593D0298384DDD534D249EA419127EC3EF6B5AE1FDD1"
"server\mods\backup\before-dialogue-dynamics-20260824\mythaiaicontent-0.1.0.jar","CC51CBDE744FDDD30132E1D05FB36C7DEF3B6AD7B6F6F6E2D7A0CC4813DDA882"
"server\mods\backup\before-dialogue-dynamics-20260824\mythictrpg-1.0.0.jar","7721C512B63CA271E4696C0B4F30CC36467C49EDC33C4CE3456B36B4C5F5BB44"
"server\mods\backup\before-question-context-fix-20260824\mythictrpg-1.0.0.jar","95FE32862F8390364FC69B9132387B29AD0AC430458E8343F608412ACA290B71"
"server\mods\backup\pre-fortuna-definition-20260825\mythictrpg-1.0.0.jar","231BD49DDFB1352EE78932DF713C82075D0B40AF791FFA0C181E068FC01CE3C8"
"server\mods\backup\pre-fortuna-only-content-20260825\mythaiaicontent-0.1.0.jar","8B9F7B05477664D699C71D9B7218B398E415ADC7AC31EF57BAF94CFD9170EAEC"
"server\mods\backup\pre-natural-dialogue-fixes-20260825\mythai_ai_response-0.1.0.jar","BDADF22A04B7F4F72FF3693DC70ADA21E07DAE155F0082DC4D553BE98E511A1E"
"server\mods\backup\pre-natural-dialogue-fixes-20260825\mythaiaicontent-0.1.0.jar","124292F9420D082287F28800AB7F74AE328B4350CF59C975C7461FDF5F9514D2"
"server\mods\backup\pre-new-integration-20260825\mythictrpg-1.0.0-combined-ai.jar","8E41E92CB3B08083C9FD61C2F2DF2F6202B32CBE71261D1A5B21F2F1DD9EB407"
"server\client-required-mods\architectury-13.0.11-neoforge.jar","9CC92F2C09533FC5482C60F993BD891C655A0E32B637037CDCB7C2B23ADEDEEB"
"server\client-required-mods\ftb-library-neoforge-2101.1.35.jar","BE7B2BD0B5370A9951624A1D84FD802EFECAE88D5A0CD24552731F887430599D"
"server\client-required-mods\ftb-quests-neoforge-2101.1.34.jar","0C555F143FD7CBC299818817641766203260821C5E6299779FC7FD5FDBD87B29"
"server\client-required-mods\ftb-teams-neoforge-2101.1.11.jar","E6BCD670493624E6906DF872A9C6AF4A33FE6405CAC57A32C59CD4CD5838C655"
"server\client-required-mods\mythictrpg-1.0.2.jar","32C70B972640EE534AE5FF09FDBBA5578C863197EE9B3F9EFD6CA62253226124"
"server\client-required-mods\README.md","BF142A4BFDCFB245FD7C20408CBCED87C01EAED41FE2F7D0788976FA82FE9B02"
"server\config\fml.toml","CC59FB1039726FDA3AB1EB69B06D9B9AEBB7496604EA579CFB735BC5377E7825"
"server\config\ftbteams-server.snbt","61B37C30C24D841F4D993E933DF0D60F198FBCF06671A87A73B9A23F8434858D"
"server\config\neoforge-common.toml","FE878A2717A145CD890621EAC5B3BE1E1FD656F7FF9ABC6E8D53F670D37474C4"
"server\config\neoforge-server.toml","B1E3B38D612295F8D9DFA0FBDB538A992B7A1A3B7A766C491B4E9FDF3823396F"
"server\config\ftbquests\quests\chapter_groups.snbt","739539B4146ABFDDB28D18027ABC040E62AF3634552C3C8092D021545F0C08FE"
"server\config\ftbquests\quests\data.snbt","29D47AE6D733546EE2443B53597CB260BC70327D34CC7EF8491E66D3CB5500E0"
"server\config\ftbquests\quests\chapters\mythic_generated.snbt","0768EF48B9D79F780B10D64B27D1C2F09CD9117F5BA7794853F84196E46F3B8E"
"server\config\ftbquests\quests\chapters\mythic_internal.snbt","26B3D0917B0D167CE2A847F94E6EE17521E5A53AC1D4A0AFA1276D39995FCA4B"
"server\config\ftbquests\quests\chapters\mythic_story.snbt","95771A26D973BDA2FC7F08D24EA4B06776FA88817B4312A50B86D708D1FBE82B"
"server\config\ftbquests\quests\lang\en_us.snbt","1897930B1CD7E6540C654C39AA6D1CE134C9F6B196D64916E10AF05209426C7F"
"server\config\ftbquests\quests\lang\ko_kr.snbt","96BDD85D48635D80E6DC40B120AC807A707B28E79BA21B8F6450839599007FA6"
"server\config\mythictrpg\ai-dialogue.json","65B4CA8333D477C917D878C10BA912516AE1494CB32E3EE0E0F8CDC64138A585"
"server\config\mythictrpg\ai-knowledge.json","BE436C74179B860CBF228A883E622AD2972755AA6C741623C39F47CA759D3DD2"
"server\config\mythictrpg\ai-memory-foundation.json","91E1B466994050A15270A770EE90335CC2BB6F70CBC553AA82A39D4CBDC672F9"
"server\config\mythictrpg\ai-memory-index.json","2CDC99A8602A59683E2FE27FEE466EBAC9097A392835B57BC00FF844B1E4BC7E"
"server\config\mythictrpg\ai-memory-recall.json","5DD5C0B2678841CDE5E1467B47F91134FBBE9EE2F46C6003B1923C5F4859B60A"
"server\config\mythictrpg\ai-memory.json","CB596470E2C06900051F3C472C1930CAB1EE6AA35D6DDAB93B4CB7310CB636C4"
"server\config\mythictrpg\ai-personas.json","288FDD86E27C47D77F4C29FECCAD762A33F357AF83D60A60FE8978D50445DA46"
"server\config\mythictrpg\character-style-mappings.json","3302F81B79B0FAB391AE4F78A9AA006274A8191C024DA362AD4DE35F5BAB73CD"
"server\config\mythictrpg\character-tags.json","3D5251AE4007E8DD5F5EB2FA797AB1FFCFCBC9BB57C285F031ED1B5C70C7C01A"
"server\config\mythictrpg\dialogue-examples.json","B8E7F4A6128EBD9CFB2AC0C8707916F0BFC603339D3FDF2AA45CE2315F0035E3"
"server\config\mythictrpg\dialogue-tag-guidance.json","823E9C274EB85A9ADD8A9937ECB2A93C6923FC62D88808C60D376D667E653A80"
"server\config\mythictrpg\npc-agents.json","F7C3495EF14044AD28174B815B47ECDD7AB182E4E6A6F532D8089433D9841127"
"server\config\mythictrpg\npc-character-tags.json","34B1FD2CAFA5C983235321D2B19ED6EB31F8CB6C27652B3A2420A70BCD5B1ED8"
"server\config\mythictrpg\reaction-guidelines.json","FD9ED83C6532B141DE9BA78C2A2BE944013813AB5E292DE34B6C7C85F8CC1CA2"
"server\config\mythictrpg\voice-styles.json","151FB777BEF545FAC6F9578151ABDB73342EE6B62F8E81FDA984091DE8CB46B5"
"server\world\data\mythictrpg_memory_rumor_v1.dat","5902F7F53EDD8636043FDDB90BBF5DB70D1F6C0F1F7F670606D4A43136AE3FF0"
"server\world\data\mythictrpg_player_constructions.dat","539D176548E6FFDD05CFBA9F99C851AAE50FA1131178DFC46CE435DD0C736D50"
"server\world\data\mythictrpg_players.dat","10715616330AE2B134CE01E8366FDA6E1B8440CE13E4E969890ABC60F7BF2289"
"server\world\data\mythictrpg_quest_reminders.dat","919C2169D989D3D652521F80D5EF9D9992380F1EE595579C8AC665B7A50205B9"
"server\world\data\mythictrpg_quests.dat","DA19659F2C70AF46575B306FB52686E1D725EF7AEF75E475C61DA4C0AD84D1FF"
"server\world\data\mythictrpg_world.dat","6DFFC796E36AADBE943E46E602A1EB33660BC9F7B36FB8D66781E23DF7C9D43E"
"server\world\data\neoforge_data_attachments.dat","95486BD4CBD73D4D98F343E42A5792EF5315214015ACCA508842844D73247562"
"server\world\data\raids.dat","45F17DDB4C2C7E40C57F508518EF51401FF67D7A6E21F8C0CF408CFB0A5A31FE"
"server\world\data\random_sequences.dat","337D43A33333D93D335698FFE62FFF035DD4660CF883CD406B201AA93E2F51B3"
"mythai-ai-content-registry\src\main\resources\data\mythaiaicontent\mythai_ai\god_profiles\demeter.json","B59A431F1ADBB0DA96DCC5B652EA62FFA3B06200CE90527698E7E94224364A0E"
"mythai-ai-content-registry\src\main\resources\data\mythaiaicontent\mythai_ai\god_profiles\fortuna.json","6937463EA1258B699358872508FC98FE4CC3B77807A7DD9BC99F9F77474B0BE6"
"mythai-ai-content-registry\src\main\resources\data\mythaiaicontent\mythai_ai\god_profiles\test5.json","27230A0E59240DAD5B96FECFD25789722F3540EA29AB91F4B64C3A007B90116C"
"mine\mine\build\libs\mythictrpg-1.0.0.jar","8E41E92CB3B08083C9FD61C2F2DF2F6202B32CBE71261D1A5B21F2F1DD9EB407"
"server\server.properties","9329655F763D49DFE19BBF95D3DA4EE9E8ADD6D2BEAF60A1794825E84F4057AF"
"mythictrpg-main\build\libs\mythictrpg-1.0.12.jar","413F98A3F374A8FEC89C1FFDD683F183FAB09D969BE906A5777443202FB8708E"
"mythai-ai-response\build\libs\mythai_ai_response-0.1.13.jar","F29FB529BBE15C09C9153E087B0A00D94915427847483698A6D482E634D17702"
